1263.0,1264.0
3841.0,3842.0
6526.0,6527.0
6583.0,6584.0
6723.0,6724.0
6931.0,6932.0
7731.0,7732.0
8392.0,8393.0
8394.0,8395.0
8830.0,8831.0
8841.0,8842.0
8844.0,8847.0
8848.0,8850.0
8862.0,8863.0
8902.0,8903.0
9160.0,9161.0
9698.0,9699.0
9995.0,9996.0
10046.0,10048.0
10131.0,10132.0
10616.0,10617.0
11527.0,11528.0
11535.0,11537.0
11588.0,11589.0
12428.0,12429.0
12486.0,12487.0
12488.0,12489.0
12523.0,12524.0
12615.0,12617.0
12622.0,12623.0
12624.0,12626.0
12629.0,12630.0
12631.0,12632.0
12663.0,12664.0
12728.0,12729.0
12732.0,12734.0
12736.0,12737.0
12738.0,12739.0
12741.0,12742.0
12764.0,12765.0
12766.0,12767.0
12768.0,12769.0
12772.0,12774.0
12775.0,12776.0
12778.0,12779.0
12782.0,12784.0
12785.0,12787.0
12795.0,12797.0
12805.0,12806.0
12807.0,12808.0
12822.0,12823.0
12826.0,12827.0
12886.0,12887.0
12896.0,12898.0
12901.0,12902.0
12903.0,12904.0
12906.0,12907.0
12908.0,12910.0
12915.0,12916.0
12923.0,12924.0
12931.0,12932.0
13081.0,13082.0
13085.0,13086.0
13100.0,13101.0
13113.0,13114.0
13117.0,13119.0
13122.0,13123.0
13141.0,13142.0
13143.0,13144.0
13149.0,13151.0
13155.0,13156.0
13158.0,13159.0
13162.0,13163.0
13168.0,13169.0
13204.0,13205.0
13228.0,13229.0
13244.0,13245.0
13248.0,13249.0
13265.0,13267.0
13290.0,13291.0
13319.0,13320.0
13326.0,13327.0
13357.0,13358.0
13360.0,13362.0
13368.0,13371.0
13379.0,13380.0
13387.0,13388.0
13389.0,13391.0
13395.0,13396.0
13398.0,13399.0
13599.0,13600.0
13604.0,13606.0
13609.0,13610.0
13617.0,13619.0
13620.0,13622.0
13729.0,13730.0
13739.0,13740.0
13784.0,13785.0
13789.0,13790.0
13828.0,13829.0
14002.0,14003.0
14298.0,14299.0
14308.0,14309.0
14330.0,14331.0
14599.0,14600.0
14617.0,14618.0
15892.0,15894.0
15903.0,15905.0
15916.0,15921.0
15922.0,15926.0
15927.0,15928.0
15937.0,15938.0
15941.0,15942.0
15943.0,15946.0
15952.0,15954.0
15958.0,15959.0
15962.0,15963.0
15964.0,15965.0
15967.0,15970.0
15993.0,15994.0
15995.0,15996.0
16004.0,16005.0
16009.0,16011.0
16353.0,16354.0
16684.0,16689.0
18240.0,18241.0
19797.0,19799.0
20253.0,20254.0
20328.0,20329.0
20483.0,20484.0
20518.0,20519.0
20574.0,20575.0
20667.0,20668.0
21727.0,21728.0
22615.0,22616.0
22780.0,22781.0
23024.0,23025.0
23032.0,23033.0
23034.0,23037.0
23077.0,23078.0
23290.0,23291.0
23353.0,23354.0
23398.0,23399.0
23400.0,23401.0
23418.0,23419.0
23634.0,23635.0
23644.0,23645.0
23692.0,23693.0
23752.0,23753.0
24365.0,24366.0
24428.0,24429.0
29586.0,29587.0
29837.0,29838.0
30213.0,30214.0
30221.0,30222.0
30229.0,30230.0
30236.0,30237.0
30291.0,30292.0
30301.0,30302.0
30316.0,30317.0
30326.0,30327.0
30381.0,30382.0
30480.0,30481.0
30499.0,30500.0
30506.0,30507.0
30511.0,30512.0
30569.0,30570.0
30588.0,30589.0
30634.0,30635.0
30638.0,30639.0
30727.0,30728.0
30729.0,30730.0
30731.0,30732.0
30777.0,30778.0
30780.0,30781.0
30782.0,30783.0
30795.0,30796.0
30798.0,30799.0
30805.0,30806.0
30813.0,30814.0
30826.0,30827.0
30845.0,30846.0
30847.0,30848.0
30851.0,30852.0
30877.0,30878.0
30885.0,30886.0
30957.0,30958.0
31011.0,31012.0
31026.0,31027.0
31031.0,31032.0
31040.0,31041.0
31176.0,31177.0
31233.0,31234.0
31313.0,31314.0
31317.0,31318.0
31371.0,31372.0
31379.0,31380.0
31394.0,31395.0
31456.0,31457.0
31464.0,31465.0
31476.0,31477.0
31500.0,31501.0
31512.0,31513.0
31557.0,31558.0
31605.0,31606.0
31625.0,31626.0
31650.0,31651.0
31655.0,31657.0
31672.0,31673.0
31676.0,31677.0
31693.0,31694.0
31696.0,31697.0
31706.0,31707.0
31708.0,31709.0
31713.0,31715.0
31716.0,31717.0
31798.0,31799.0
31878.0,31879.0
31941.0,31942.0
31991.0,31992.0
32027.0,32028.0
32089.0,32090.0
32105.0,32106.0
32116.0,32117.0
32230.0,32231.0
32235.0,32236.0
32253.0,32254.0
32344.0,32345.0
32405.0,32406.0
32416.0,32417.0
32484.0,32485.0
32497.0,32498.0
32516.0,32517.0
32546.0,32547.0
32552.0,32553.0
32609.0,32610.0
32683.0,32684.0
32701.0,32702.0
32718.0,32719.0
32742.0,32743.0
32754.0,32755.0
32769.0,32770.0
32785.0,32786.0
32810.0,32811.0
32829.0,32831.0
32836.0,32837.0
32842.0,32843.0
32920.0,32921.0
32932.0,32933.0
33017.0,33018.0
33089.0,33090.0
33102.0,33103.0
33107.0,33108.0
33154.0,33155.0
33188.0,33189.0
33210.0,33211.0
33254.0,33255.0
33280.0,33281.0
33303.0,33304.0
33331.0,33332.0
33497.0,33498.0
33512.0,33513.0
33625.0,33626.0
33689.0,33690.0
33710.0,33711.0
33722.0,33723.0
33731.0,33732.0
33751.0,33752.0
33756.0,33757.0
33767.0,33768.0
33783.0,33784.0
33855.0,33856.0
33860.0,33861.0
33862.0,33863.0
33891.0,33892.0
33899.0,33900.0
33902.0,33903.0
33911.0,33912.0
33940.0,33941.0
33965.0,33966.0
34002.0,34003.0
34091.0,34093.0
34096.0,34097.0
34100.0,34101.0
34222.0,34223.0
34566.0,34567.0
34569.0,34570.0
34607.0,34608.0
34753.0,34754.0
34809.0,34810.0
35283.0,35284.0
35305.0,35306.0
35436.0,35437.0
35444.0,35445.0
35718.0,35719.0
35736.0,35737.0
35964.0,35965.0
36012.0,36013.0
36030.0,36031.0
36036.0,36037.0
36052.0,36053.0
36057.0,36058.0
36078.0,36079.0
36188.0,36190.0
36228.0,36229.0
36256.0,36257.0
36282.0,36283.0
36287.0,36288.0
36301.0,36302.0
36305.0,36306.0
36395.0,36396.0
36404.0,36406.0
36592.0,36593.0
36598.0,36599.0
36714.0,36715.0
36735.0,36736.0
36824.0,36825.0
36897.0,36898.0
36909.0,36911.0
36943.0,36944.0
36959.0,36960.0
37038.0,37039.0
37053.0,37054.0
37098.0,37099.0
37103.0,37104.0
37122.0,37123.0
37124.0,37125.0
37195.0,37196.0
37404.0,37405.0
37468.0,37469.0
37482.0,37483.0
37618.0,37619.0
37690.0,37691.0
37842.0,37843.0
37888.0,37889.0
37937.0,37938.0
38150.0,38151.0
38287.0,38288.0
38312.0,38314.0
38315.0,38316.0
38317.0,38318.0
38321.0,38322.0
38328.0,38330.0
38362.0,38363.0
38364.0,38365.0
38375.0,38376.0
38788.0,38789.0
38820.0,38821.0
39040.0,39041.0
39071.0,39072.0
39118.0,39119.0
39130.0,39131.0
39156.0,39157.0
39163.0,39164.0
39238.0,39239.0
39272.0,39273.0
39301.0,39302.0
39326.0,39327.0
39486.0,39487.0
39511.0,39512.0
39552.0,39553.0
39572.0,39573.0
39574.0,39576.0
39641.0,39642.0
39646.0,39647.0
39664.0,39665.0
39672.0,39673.0
39677.0,39679.0
39687.0,39688.0
39798.0,39799.0
39925.0,39926.0
39938.0,39939.0
39978.0,39979.0
39992.0,39993.0
40026.0,40027.0
40033.0,40034.0
40076.0,40077.0
40100.0,40101.0
40138.0,40139.0
40145.0,40146.0
40150.0,40151.0
40184.0,40185.0
40196.0,40197.0
40208.0,40209.0
40240.0,40241.0
40281.0,40282.0
40304.0,40305.0
40350.0,40351.0
40359.0,40360.0
40366.0,40367.0
40389.0,40390.0
40395.0,40396.0
40399.0,40400.0
40410.0,40411.0
40420.0,40421.0
40422.0,40423.0
40759.0,40761.0
40986.0,40987.0
40989.0,40990.0
41015.0,41016.0
41017.0,41018.0
41020.0,41021.0
41029.0,41031.0
41039.0,41042.0
41049.0,41050.0
41054.0,41055.0
41058.0,41061.0
41066.0,41067.0
41072.0,41073.0
41075.0,41076.0
41112.0,41113.0
41123.0,41124.0
41180.0,41181.0
41189.0,41190.0
41212.0,41215.0
41222.0,41223.0
41228.0,41229.0
41246.0,41247.0
41248.0,41249.0
41270.0,41271.0
41277.0,41278.0
41280.0,41281.0
41305.0,41306.0
41341.0,41342.0
41354.0,41355.0
41371.0,41372.0
41415.0,41416.0
41449.0,41450.0
41469.0,41470.0
41476.0,41477.0
41501.0,41502.0
41514.0,41515.0
41546.0,41547.0
41587.0,41588.0
41591.0,41592.0
41604.0,41605.0
41607.0,41608.0
41614.0,41615.0
41624.0,41625.0
41651.0,41652.0
41654.0,41655.0
41664.0,41665.0
41669.0,41670.0
41683.0,41684.0
41690.0,41691.0
41698.0,41699.0
41709.0,41710.0
41715.0,41716.0
41720.0,41721.0
41723.0,41724.0
41726.0,41727.0
41730.0,41731.0
41735.0,41736.0
41740.0,41741.0
41742.0,41744.0
41747.0,41748.0
41751.0,41752.0
41757.0,41758.0
41765.0,41766.0
41771.0,41772.0
41777.0,41778.0
41784.0,41785.0
41789.0,41790.0
41791.0,41792.0
41817.0,41819.0
41822.0,41823.0
41825.0,41826.0
41827.0,41828.0
41830.0,41832.0
41833.0,41834.0
41839.0,41840.0
41841.0,41842.0
41851.0,41852.0
41853.0,41854.0
41861.0,41863.0
41865.0,41866.0
41869.0,41870.0
41874.0,41875.0
41887.0,41888.0
41889.0,41890.0
41894.0,41895.0
41897.0,41898.0
41907.0,41909.0
41924.0,41927.0
41929.0,41930.0
41933.0,41934.0
41941.0,41942.0
41945.0,41948.0
41953.0,41954.0
41955.0,41958.0
41962.0,41963.0
41974.0,41975.0
41982.0,41983.0
41985.0,41987.0
41990.0,41991.0
41997.0,41999.0
42006.0,42007.0
42011.0,42012.0
42015.0,42016.0
42020.0,42021.0
42023.0,42024.0
42025.0,42027.0
42031.0,42032.0
42037.0,42040.0
42045.0,42049.0
42056.0,42057.0
42068.0,42070.0
42077.0,42079.0
42088.0,42089.0
42091.0,42092.0
42093.0,42097.0
42101.0,42102.0
42120.0,42121.0
42128.0,42131.0
42161.0,42163.0
42166.0,42167.0
42169.0,42170.0
42171.0,42172.0
42175.0,42181.0
42196.0,42197.0
42198.0,42199.0
42201.0,42202.0
42217.0,42218.0
42221.0,42222.0
42226.0,42227.0
42229.0,42230.0
42231.0,42233.0
42235.0,42237.0
42238.0,42239.0
42244.0,42245.0
42246.0,42249.0
42250.0,42251.0
42259.0,42260.0
42266.0,42267.0
42269.0,42270.0
42272.0,42273.0
42274.0,42276.0
42286.0,42287.0
42288.0,42289.0
42303.0,42304.0
42306.0,42307.0
42325.0,42326.0
42332.0,42333.0
42350.0,42352.0
42365.0,42368.0
42373.0,42374.0
42376.0,42377.0
42390.0,42392.0
42395.0,42396.0
42404.0,42405.0
42420.0,42421.0
42422.0,42423.0
42425.0,42426.0
42431.0,42432.0
42436.0,42437.0
42449.0,42450.0
42453.0,42454.0
42458.0,42460.0
42464.0,42465.0
42471.0,42472.0
42474.0,42475.0
42483.0,42485.0
42486.0,42487.0
42499.0,42501.0
42523.0,42524.0
42527.0,42529.0
42533.0,42534.0
42535.0,42537.0
42542.0,42543.0
42545.0,42546.0
42549.0,42550.0
42551.0,42552.0
42553.0,42554.0
42555.0,42557.0
42561.0,42562.0
42572.0,42573.0
42581.0,42582.0
42593.0,42594.0
42600.0,42601.0
42609.0,42610.0
42611.0,42612.0
42613.0,42614.0
42622.0,42623.0
42630.0,42631.0
42640.0,42642.0
42646.0,42647.0
42654.0,42655.0
42659.0,42660.0
42670.0,42671.0
42672.0,42673.0
42679.0,42680.0
42686.0,42687.0
42695.0,42697.0
42705.0,42706.0
42713.0,42718.0
42719.0,42720.0
42728.0,42730.0
42731.0,42732.0
42734.0,42735.0
42740.0,42741.0
42749.0,42750.0
42766.0,42767.0
42787.0,42788.0
42801.0,42804.0
42816.0,42817.0
42834.0,42835.0
42836.0,42838.0
42840.0,42842.0
42876.0,42877.0
42900.0,42901.0
42908.0,42909.0
42971.0,42973.0
42983.0,42984.0
43014.0,43015.0
43020.0,43021.0
43032.0,43033.0
43042.0,43043.0
43072.0,43073.0
43084.0,43085.0
43139.0,43140.0
43225.0,43226.0
43228.0,43229.0
43233.0,43234.0
43305.0,43306.0
43353.0,43354.0
43363.0,43364.0
43366.0,43367.0
43394.0,43395.0
43465.0,43466.0
43496.0,43497.0
43658.0,43659.0
43688.0,43689.0
43718.0,43720.0
43765.0,43766.0
43769.0,43770.0
43773.0,43774.0
43778.0,43779.0
43791.0,43792.0
43813.0,43815.0
43822.0,43824.0
43826.0,43828.0
43835.0,43836.0
43867.0,43868.0
43935.0,43936.0
43952.0,43953.0
44064.0,44065.0
44082.0,44083.0
44182.0,44183.0
44263.0,44264.0
44278.0,44279.0
44300.0,44301.0
44316.0,44317.0
44354.0,44355.0
44386.0,44387.0
44430.0,44431.0
44444.0,44445.0
44502.0,44503.0
44511.0,44512.0
44524.0,44525.0
44541.0,44542.0
44545.0,44546.0
44617.0,44618.0
44629.0,44630.0
44685.0,44686.0
44717.0,44718.0
44800.0,44801.0
44894.0,44895.0
44961.0,44962.0
44965.0,44966.0
44986.0,44987.0
44995.0,44996.0
45010.0,45011.0
45013.0,45014.0
45034.0,45035.0
45046.0,45047.0
45115.0,45116.0
45135.0,45136.0
45146.0,45147.0
45170.0,45171.0
45185.0,45186.0
45207.0,45208.0
45223.0,45224.0
45227.0,45228.0
45292.0,45293.0
45337.0,45338.0
45351.0,45352.0
45368.0,45369.0
45376.0,45377.0
45382.0,45385.0
45387.0,45389.0
45393.0,45394.0
45407.0,45410.0
45411.0,45412.0
45413.0,45418.0
45419.0,45420.0
45421.0,45423.0
45424.0,45426.0
45427.0,45428.0
45430.0,45431.0
45434.0,45439.0
45445.0,45446.0
45454.0,45455.0
45460.0,45461.0
45491.0,45492.0
45512.0,45514.0
45526.0,45527.0
45533.0,45534.0
45557.0,45558.0
45570.0,45571.0
45587.0,45588.0
45594.0,45595.0
45716.0,45717.0
45734.0,45735.0
45757.0,45758.0
45765.0,45777.0
45778.0,45787.0
45791.0,45793.0
45795.0,45796.0
45797.0,45802.0
45803.0,45806.0
45807.0,45812.0
45813.0,45824.0
45825.0,45826.0
45829.0,45831.0
45832.0,45837.0
45840.0,45847.0
45848.0,45862.0
45863.0,45865.0
45869.0,45870.0
45872.0,45874.0
45877.0,45878.0
45881.0,45882.0
45883.0,45885.0
45905.0,45906.0
45911.0,45912.0
46097.0,46098.0
46105.0,46106.0
46118.0,46119.0
46127.0,46128.0
46139.0,46140.0
46146.0,46147.0
46149.0,46151.0
46152.0,46153.0
46156.0,46157.0
46181.0,46183.0
46207.0,46208.0
46316.0,46317.0
46362.0,46363.0
46409.0,46410.0
46510.0,46511.0
46603.0,46604.0
46659.0,46660.0
46687.0,46688.0
46730.0,46731.0
46752.0,46753.0
46754.0,46755.0
46762.0,46763.0
46793.0,46794.0
46811.0,46812.0
46836.0,46837.0
46868.0,46869.0
46902.0,46903.0
46919.0,46920.0
46961.0,46962.0
47019.0,47020.0
47022.0,47023.0
47036.0,47037.0
47046.0,47047.0
47067.0,47068.0
47075.0,47076.0
47081.0,47082.0
47123.0,47124.0
47126.0,47127.0
47182.0,47183.0
47253.0,47254.0
47356.0,47357.0
47426.0,47428.0
47430.0,47431.0
47434.0,47435.0
47441.0,47442.0
47574.0,47575.0
47590.0,47591.0
47632.0,47633.0
47636.0,47637.0
47638.0,47639.0
47640.0,47642.0
47643.0,47644.0
47742.0,47743.0
47783.0,47784.0
47808.0,47809.0
47858.0,47859.0
47869.0,47870.0
47930.0,47932.0
47941.0,47942.0
47967.0,47968.0
48004.0,48005.0
48065.0,48066.0
48073.0,48074.0
48259.0,48260.0
48298.0,48299.0
48372.0,48373.0
48456.0,48458.0
48481.0,48482.0
48588.0,48589.0
48591.0,48592.0
48628.0,48629.0
48718.0,48719.0
48733.0,48734.0
48862.0,48863.0
48907.0,48908.0
48967.0,48968.0
49016.0,49017.0
49049.0,49050.0
49058.0,49059.0
49161.0,49162.0
49234.0,49235.0
49255.0,49257.0
49304.0,49305.0
49337.0,49338.0
49339.0,49340.0
49351.0,49353.0
49354.0,49357.0
49385.0,49386.0
49409.0,49410.0
49436.0,49437.0
49625.0,49626.0
49653.0,49654.0
49656.0,49657.0
49714.0,49715.0
49717.0,49719.0
49751.0,49752.0
49845.0,49846.0
49887.0,49888.0
50038.0,50039.0
50056.0,50057.0
50184.0,50185.0
50435.0,50436.0
50509.0,50510.0
50534.0,50535.0
50562.0,50563.0
50617.0,50618.0
50730.0,50732.0
50847.0,50848.0
50922.0,50923.0
51051.0,51052.0
51086.0,51088.0
51094.0,51095.0
51108.0,51109.0
51128.0,51129.0
51200.0,51201.0
51223.0,51224.0
51348.0,51349.0
51588.0,51589.0
51594.0,51596.0
51615.0,51616.0
51658.0,51659.0
51718.0,51720.0
51780.0,51781.0
51932.0,51933.0
52007.0,52008.0
52084.0,52085.0
52289.0,52290.0
52439.0,52440.0
52488.0,52489.0
52491.0,52492.0
52516.0,52517.0
52524.0,52525.0
52591.0,52592.0
52670.0,52671.0
52724.0,52725.0
52730.0,52731.0
52754.0,52755.0
52811.0,52812.0
52835.0,52836.0
52859.0,52860.0
52871.0,52872.0
52918.0,52919.0
53034.0,53035.0
53082.0,53083.0
53111.0,53112.0
53127.0,53128.0
53177.0,53178.0
53229.0,53230.0
53237.0,53238.0
53246.0,53247.0
53295.0,53296.0
53304.0,53305.0
53308.0,53309.0
53378.0,53379.0
53457.0,53458.0
53573.0,53574.0
53610.0,53611.0
53646.0,53647.0
53688.0,53689.0
53737.0,53738.0
53742.0,53743.0
53812.0,53813.0
53911.0,53914.0
53953.0,53954.0
53996.0,53997.0
54099.0,54100.0
54201.0,54202.0
54214.0,54216.0
54224.0,54225.0
54248.0,54249.0
54263.0,54264.0
54298.0,54300.0
54305.0,54306.0
54307.0,54308.0
54311.0,54312.0
54313.0,54314.0
54322.0,54323.0
54330.0,54331.0
54333.0,54334.0
54355.0,54356.0
54368.0,54370.0
54371.0,54372.0
54405.0,54406.0
54487.0,54488.0
54496.0,54497.0
54510.0,54511.0
54625.0,54626.0
54638.0,54639.0
54668.0,54669.0
54671.0,54672.0
54702.0,54703.0
54972.0,54973.0
54988.0,54989.0
55001.0,55002.0
55041.0,55043.0
55084.0,55085.0
55122.0,55123.0
55147.0,55148.0
55154.0,55155.0
55177.0,55178.0
55271.0,55272.0
55289.0,55290.0
55421.0,55422.0
55483.0,55484.0
55511.0,55512.0
55513.0,55514.0
55532.0,55533.0
55545.0,55546.0
55560.0,55561.0
55621.0,55622.0
55645.0,55646.0
55647.0,55648.0
55666.0,55667.0
55719.0,55720.0
55764.0,55765.0
55775.0,55776.0
55827.0,55828.0
55830.0,55831.0
55874.0,55875.0
55891.0,55892.0
55893.0,55894.0
55926.0,55927.0
56001.0,56002.0
56054.0,56055.0
56061.0,56062.0
56162.0,56163.0
56196.0,56197.0
56222.0,56223.0
56241.0,56242.0
56262.0,56263.0
56282.0,56283.0
56288.0,56289.0
56313.0,56314.0
56349.0,56350.0
56377.0,56378.0
56380.0,56381.0
56388.0,56389.0
56435.0,56436.0
56467.0,56468.0
56487.0,56488.0
56518.0,56519.0
56521.0,56522.0
56542.0,56543.0
56611.0,56612.0
56627.0,56628.0
56700.0,56701.0
56729.0,56730.0
56735.0,56737.0
56810.0,56811.0
56818.0,56819.0
56842.0,56843.0
56845.0,56846.0
56970.0,56971.0
56979.0,56980.0
56998.0,56999.0
57036.0,57037.0
57113.0,57115.0
57124.0,57125.0
57132.0,57134.0
57149.0,57150.0
57203.0,57204.0
57224.0,57225.0
57230.0,57231.0
57241.0,57242.0
57257.0,57260.0
57280.0,57281.0
57333.0,57334.0
57406.0,57407.0
57471.0,57472.0
57513.0,57514.0
57515.0,57516.0
57575.0,57576.0
57578.0,57579.0
57603.0,57604.0
57605.0,57606.0
57621.0,57622.0
57703.0,57704.0
57833.0,57834.0
57866.0,57867.0
57905.0,57906.0
57955.0,57956.0
58016.0,58017.0
58050.0,58051.0
58079.0,58080.0
58099.0,58100.0
58163.0,58164.0
58179.0,58180.0
58185.0,58186.0
58219.0,58220.0
58228.0,58229.0
58302.0,58303.0
58335.0,58336.0
58410.0,58411.0
58444.0,58445.0
58459.0,58460.0
58477.0,58479.0
58521.0,58522.0
58600.0,58601.0
58614.0,58615.0
58658.0,58659.0
58676.0,58678.0
58715.0,58716.0
58740.0,58741.0
58742.0,58743.0
58763.0,58764.0
58809.0,58810.0
58842.0,58843.0
58846.0,58847.0
58868.0,58869.0
58899.0,58900.0
